{"_wandb":{"runtime":73},"train_loss":0.0051727294921875,"epoch":0,"trainer/global_step":99,"_timestamp":1.7323415056379588e+09,"_runtime":61.882561411,"_step":1,"train_acc":1}