{
 "train_auc": 0.5969738129009935,
 "val_auc": 0.6066673125222449
}