{"val_auc":0.10407213121652603,"_wandb":{"runtime":19866},"epoch":0,"_runtime":19861.472987961,"val_acc":0.9855241775512695,"train_acc":1,"_timestamp":1.7324120762074273e+09,"trainer/global_step":14080,"train_loss":0.0169677734375,"val_loss":0.08179362118244171,"_step":281}