{"_step":0,"_wandb":{"runtime":137},"train_acc":1,"train_loss":0.0145263671875,"epoch":0,"trainer/global_step":49,"_timestamp":1.731614313480153e+09,"_runtime":99.653713745}