{"_step":80,"train_acc":1,"_wandb":{"runtime":1695},"train_loss":0.01092529296875,"epoch":0,"trainer/global_step":4049,"_timestamp":1.7316323669563296e+09,"_runtime":1212.789462854}